TIMESTAMP,X POSITION,Y POSITION
000000017,1448.852,685.467
000000033,1448.869,685.4664
000000050,1448.884,685.4656
000000067,1448.897,685.4651
000000083,1448.907,685.465
000000100,1448.918,685.4646
000000117,1448.927,685.4643
000000133,1448.937,685.464
000000150,1448.941,685.459
000000167,1448.941,685.4507
000000183,1448.941,685.432
000000200,1448.917,685.4102
000000217,1448.854,685.3746
000000233,1448.75,685.312
000000250,1448.599,685.2156
000000267,1448.35,685.0651
000000283,1448.006,684.8549
000000300,1447.542,684.5635
000000317,1446.928,684.1686
000000333,1446.183,683.7416
000000350,1445.227,683.1962
000000367,1444.078,682.5764
000000383,1442.747,681.8855
000000400,1441.224,681.1134
000000417,1439.475,680.2599
000000433,1437.484,679.3344
000000450,1435.321,678.3628
000000467,1432.971,677.3454
000000483,1430.247,676.2181
000000500,1427.254,675.0426
000000517,1424.115,673.8501
000000533,1420.778,672.6203
000000550,1417.157,671.3279
000000567,1413.201,669.9949
000000583,1409.143,668.6919
000000600,1404.843,667.3535
000000617,1400.299,665.9788
000000633,1395.665,664.6207
000000650,1390.648,663.2217
000000667,1385.379,661.8217
000000683,1379.97,660.4326
000000700,1374.476,659.0554
000000717,1368.548,657.649
000000733,1362.435,656.2519
000000750,1356.126,654.85
000000767,1349.696,653.4688
000000783,1343.276,652.1449
000000800,1336.343,650.8092
000000817,1329.211,649.4712
000000833,1321.906,648.1556
000000850,1314.442,646.868
000000867,1306.8,645.583
000000883,1299.184,644.387
000000900,1291.285,643.1949
000000917,1283.124,642.015
000000933,1274.787,640.8628
000000950,1266.288,639.7435
000000967,1257.683,638.6547
000000983,1248.893,637.5976
000001000,1240.021,636.5807
000001017,1231.229,635.6081
000001033,1221.731,634.6219
000001050,1212.241,633.6986
000001067,1202.657,632.7853
000001083,1192.951,631.8857
000001100,1183.144,631.0392
000001117,1173.508,630.1959
000001133,1163.365,629.3527
000001150,1153.025,628.533
000001167,1142.68,627.7411
000001183,1132.232,626.9615
000001200,1121.62,626.1981
000001217,1111.139,625.439
000001233,1100.537,624.6929
000001250,1089.638,623.9625
000001267,1078.539,623.225
000001283,1067.359,622.4985
000001300,1056.314,621.7927
000001317,1045.247,621.0974
000001333,1033.906,620.3977
000001350,1022.438,619.7119
000001367,1010.823,619.0414
000001383,999.41,618.3815
000001400,988.1343,617.7264
000001417,976.4619,617.0692
000001433,964.5601,616.4069
000001450,952.9459,615.7504
000001467,941.3143,615.1031
000001483,929.3841,614.4694
000001500,917.4647,613.8425
000001517,905.5022,613.2165
000001533,893.6861,612.5861
000001550,881.9479,611.9491
000001567,869.9142,611.2986
000001583,857.8575,610.6733
000001600,845.7664,610.032
000001617,833.592,609.3706
000001633,821.3316,608.6909
000001650,809.1301,608.0004
000001667,796.872,607.2787
000001683,784.493,606.558
000001700,772.0692,605.8225
000001717,759.715,605.0602
000001733,747.6288,604.3126
000001750,735.1755,603.5144
000001767,722.5876,602.6782
000001783,709.9038,601.804
000001800,697.0827,600.8821
000001817,684.6912,599.9059
000001833,671.7719,598.8413
000001850,658.7725,597.7129
000001867,645.9547,596.5404
000001883,632.9659,595.2745
000001900,619.881,593.9339
000001917,606.7222,592.4966
000001933,593.4327,590.9521
000001950,579.7245,589.2921
000001967,566.3896,587.5621
000001983,552.9711,585.7444
000002000,539.3167,583.7982
000002017,527.2224,581.8701
000002033,516.9269,580.0629
000002050,506.3365,578.1367
000002067,495.7455,576.1088
000002083,485.3059,573.996
000002100,474.6174,571.7246
000002117,463.7228,569.3278
000002133,452.8364,566.7941
000002150,442.0923,564.1646
000002167,431.4876,561.4924
000002183,420.642,558.5923
000002200,409.7202,555.5962
000002217,398.8369,552.4995
000002233,388.0309,549.2848
000002250,377.1616,545.9567
000002267,365.9747,542.3269
000002283,355.0596,538.6823
000002300,344.2536,534.9968
000002317,333.3527,531.0855
000002333,322.5791,527.0852
000002350,311.9128,522.9944
000002367,300.9826,518.5919
000002383,290.198,514.1682
000002400,279.6364,509.7482
000002417,268.7995,505.0031
000002433,257.9062,500.09
000002450,247.0274,494.9971
000002467,236.6853,489.9085
000002483,226.2197,484.6517
000002500,215.5036,479.1156
000002517,205.3118,473.6214
000002533,195.0425,467.9396
000002550,184.4658,461.8296
000002567,174.3717,455.7338
000002583,164.4372,449.585
000002600,154.8913,443.4156
000002617,145.3543,436.9682
000002633,135.7847,430.2818
000002650,126.6517,423.4191
000002667,117.5423,416.364
000002683,108.4615,409.0967
000002700,100.1267,401.7899
000002717,91.96021,394.3672
000002733,84.08993,386.8373
000002750,76.68377,379.1628
000002767,69.4332,371.3359
000002783,62.47381,363.3436
000002800,56.07485,355.2493
000002817,49.98156,347.0247
000002833,44.50155,338.6808
000002850,39.33392,330.0268
000002867,34.48471,321.1085
000002883,30.7655,312.4462
000002900,27.51837,303.7204
000002917,24.7746,294.9401
000002933,22.86572,286.1118
000002950,21.3695,277.1158
000002967,20.50581,267.9419
000002983,20.56841,259.0749
000003000,21.10712,250.1207
000003017,22.4035,241.0093
000003033,24.50085,232.1481
000003050,27.18355,223.2512
000003067,31.01984,214.2607
000003083,35.54935,205.2685
000003100,40.63408,196.3067
000003117,46.61705,187.5594
000003133,53.33256,179.1011
000003150,60.58811,170.7581
000003167,68.95735,162.6701
000003183,78.32588,154.58
000003200,88.39874,146.5519
000003217,99.15012,139.012
000003233,110.6631,131.5817
000003250,123.0905,124.4293
000003267,136.1216,117.5922
000003283,149.795,111.0517
000003300,163.8788,104.9852
000003317,178.122,99.17706
000003333,193.8104,93.61407
000003350,209.6629,88.24225
000003367,225.6978,83.12189
000003383,241.8442,78.72101
000003400,258.261,74.54712
000003417,275.5327,70.69934
000003433,292.8636,67.26941
000003450,310.1754,64.07666
000003467,327.8442,61.38385
000003483,345.7262,59.13934
000003500,363.5046,57.33496
000003517,381.1266,55.75293
000003533,399.3867,54.69336
000003550,416.9237,53.89685
000003567,433.9551,53.45776
000003583,451.4564,53.34827
000003600,468.8912,53.68188
000003617,485.3309,54.45886
000003633,501.7228,55.56091
000003650,518.0797,56.96613
000003667,533.9899,58.63574
000003683,549.1194,60.55402
000003700,564.2365,62.84247
000003717,578.3491,65.26971
000003733,592.1553,67.94794
000003750,605.9389,70.94702
000003767,619.2257,74.1488
000003783,631.3555,77.41803
000003800,643.5098,81.02185
000003817,654.8633,84.66583
000003833,665.6262,88.41766
000003850,676.209,92.45819
000003867,686.1553,96.57458
000003883,695.0884,100.6111
000003900,703.7598,104.8383
000003917,712.0546,109.2073
000003933,719.8551,113.6513
000003950,727.1445,118.1613
000003967,733.7767,122.6611
000003983,739.6032,126.9868
000004000,745.1312,131.4355
000004017,750.2274,135.9747
000004033,754.7531,140.5075
000004050,758.8325,145.037
000004067,762.3298,149.4857
000004083,765.3102,153.8275
000004100,768.0214,158.0917
000004117,770.3047,162.4366
000004133,772.0418,166.5934
000004150,773.4991,170.6545
000004167,774.4771,174.6286
000004183,775.073,178.6156
000004200,775.4302,182.5485
000004217,775.351,186.35
000004233,774.9009,190.0712
000004250,774.1251,193.6328
000004267,773.1963,197.0931
000004283,771.8414,200.4962
000004300,770.0433,203.8888
000004317,768.0895,207.1953
000004333,765.8589,210.3673
000004350,763.3983,213.3475
000004367,760.7099,216.2943
000004383,757.6743,219.2043
000004400,754.3744,222.061
000004417,750.8095,224.8002
000004433,746.9965,227.3958
000004450,743.0781,229.8974
000004467,738.7688,232.3498
000004483,734.1364,234.737
000004500,729.3691,237.0639
000004517,724.3535,239.2755
000004533,719.2668,241.3672
000004550,714.1445,243.3842
000004567,708.4424,245.33
000004583,702.5967,247.21
000004600,696.5689,249.0168
000004617,690.2505,250.7108
000004633,683.7791,252.3446
000004650,677.0493,253.8907
000004667,670.2472,255.2923
000004683,663.3265,256.6429
000004700,655.8455,257.944
000004717,648.2609,259.1485
000004733,640.6004,260.2878
000004750,632.3759,261.399
000004767,624.1261,262.4727
000004783,615.8608,263.4949
000004800,606.952,264.4773
000004817,597.8595,265.4325
000004833,588.7479,266.3264
000004850,579.3139,267.1666
000004867,569.7048,267.9572
000004883,559.924,268.7274
000004900,549.7333,269.4504
000004917,539.1694,270.179
000004933,528.6967,270.7964
000004950,517.806,271.3843
000004967,506.3542,271.9504
000004983,494.4766,272.4794
000005000,482.3745,272.9863
000005017,470.4029,273.3998
000005033,457.6679,273.803
000005050,444.6482,274.1572
000005067,431.4099,274.4538
000005083,1456.01,345.9314
000005100,1454.851,345.8824
000005117,1453.706,345.8025
000005133,1452.583,345.7105
000005150,1451.551,345.6105
000005167,1450.499,345.4782
000005183,1449.433,345.3239
000005200,1448.469,345.1572
000005217,1447.505,344.9649
000005233,1446.552,344.726
000005250,1445.62,344.4463
000005267,1444.719,344.1484
000005283,1443.84,343.8151
000005300,1442.963,343.4366
000005317,1442.11,343.0098
000005333,1441.256,342.5488
000005350,1440.403,342.0094
000005367,1439.557,341.421
000005383,1438.713,340.8033
000005400,1437.887,340.1783
000005417,1437.052,339.4523
000005433,1436.19,338.658
000005450,1435.309,337.826
000005467,1434.455,336.9631
000005483,1433.576,336.0588
000005500,1432.667,335.1057
000005517,1431.722,334.0728
000005533,1430.758,333.0154
000005550,1429.782,331.9453
000005567,1428.765,330.8113
000005583,1427.71,329.6318
000005600,1426.585,328.4059
000005617,1425.447,327.1652
000005633,1424.293,325.9057
000005650,1423.063,324.5729
000005667,1421.772,323.2028
000005683,1420.413,321.7918
000005700,1419.034,320.4022
000005717,1417.599,318.9712
000005733,1416.041,317.4483
000005750,1414.408,315.8911
000005767,1412.707,314.3002
000005783,1410.939,312.6993
000005800,1409.108,311.0986
000005817,1407.162,309.4355
000005833,1405.012,307.6747
000005850,1402.834,305.9355
000005867,1400.515,304.1335
000005883,1398.045,302.2632
000005900,1395.329,300.3391
000005917,1392.498,298.3863
000005933,1389.58,296.4431
000005950,1386.437,294.4313
000005967,1383.095,292.3593
000005983,1379.435,290.2379
000006000,1375.643,288.0965
000006017,1371.725,285.9268
000006033,1367.35,283.7
000006050,1362.775,281.4301
000006067,1357.963,279.1552
000006083,1352.911,276.8931
000006100,1347.442,274.5389
000006117,1341.585,272.0927
000006133,1335.36,269.6573
000006150,1328.843,267.2201
000006167,1322.002,264.7369
000006183,1314.493,262.1934
000006200,1306.691,259.7548
000006217,1298.455,257.248
000006233,1289.55,254.6757
000006250,1280.062,252.054
000006267,1269.941,249.4897
000006283,1259.116,246.8744
000006300,1247.707,244.3082
000006317,1235.856,241.7635
000006333,1223.048,239.3077
000006350,1209.865,236.8981
000006367,1195.873,234.5035
000006383,1180.823,232.1335
000006400,1164.997,229.8602
000006417,1149.151,227.8134
000006433,1131.749,225.8021
000006450,1113.883,223.9487
000006467,1095.593,222.2643
000006483,1076.573,220.7324
000006500,1057.099,219.504
000006517,1036.715,218.4402
000006533,1015.869,217.6462
000006550,994.4886,217.1248
000006567,972.3681,216.8455
000006583,950.1014,216.9754
000006600,927.9572,217.3641
000006617,905.337,218.0887
000006633,882.1393,219.2058
000006650,858.7631,220.6627
000006667,836.3,222.4719
000006683,813.4436,224.6156
000006700,790.807,227.0507
000006717,768.8736,229.7
000006733,746.2056,232.963
000006750,724.0874,236.6612
000006767,702.9036,240.638
000006783,682.3842,244.8587
000006800,661.8379,249.4552
000006817,642.0981,254.4946
000006833,622.8254,259.8058
000006850,604.4859,265.3677
000006867,587.2867,271.1666
000006883,570.8042,277.2336
000006900,555.1156,283.6066
000006917,539.8968,290.2997
000006933,525.4908,297.1283
000006950,512.1554,303.9555
000006967,499.8127,310.929
000006983,487.846,318.3974
000007000,477.2165,325.7834
000007017,467.614,333.1224
000007033,458.6789,340.5569
000007050,450.1945,348.3342
000007067,443.047,355.7899
000007083,436.2239,363.5618
000007100,430.2141,371.1238
000007117,425.0133,378.4539
000007133,420.1768,386.1647
000007150,416.2522,393.5443
000007167,412.8442,401.0633
000007183,410.0646,408.4805
000007200,407.8343,415.8139
000007217,406.1161,423.1705
000007233,405.0995,430.2661
000007250,404.6145,437.2796
000007267,404.7283,444.3654
000007283,405.4171,451.3088
000007300,406.5341,457.9213
000007317,408.1165,464.492
000007333,410.1744,470.8794
000007350,412.6757,477.3118
000007367,415.5456,483.5656
000007383,418.6685,489.4807
000007400,422.1597,495.2608
000007417,426.0248,500.8781
000007433,430.2623,506.2823
000007450,434.8094,511.4879
000007467,493.7888,501.0175
000007483,498.5337,504.165
000007500,503.235,507.3253
000007517,507.8514,510.4878
000007533,512.3987,513.6503
000007550,516.9216,516.8264
000007567,521.513,520.1123
000007583,525.7039,523.1592
000007600,529.9773,526.3147
000007617,534.2975,529.5389
000007633,538.5059,532.6936
000007650,542.6354,535.8541
000007667,546.6141,538.9304
000007683,550.5882,542.0321
000007700,554.5995,545.192
000007717,558.5809,548.3691
000007733,562.4904,551.5188
000007750,566.3689,554.7061
000007767,570.2684,557.9218
000007783,574.2045,561.1656
000007800,578.0641,564.4485
000007817,581.9013,567.6841
000007833,585.7306,570.9568
000007850,589.5427,574.2394
000007867,593.3455,577.5097
000007883,597.2151,580.9002
000007900,601.0613,584.2793
000007917,604.9555,587.6787
000007933,608.8724,591.1028
000007950,612.7708,594.549
000007967,616.6738,597.9727
000007983,620.7148,601.4792
000008000,624.8073,605.0017
000008017,628.8978,608.5033
000008033,632.9557,611.9666
000008050,637.2573,615.5457
000008067,641.4672,618.986
000008083,645.745,622.4055
000008100,650.1976,625.8766
000008117,654.7347,629.354
000008133,659.3361,632.7821
000008150,664.072,636.2158
000008167,668.8436,639.584
000008183,673.5526,642.8322
000008200,678.5443,646.1574
000008217,683.6736,649.49
000008233,688.9526,652.8064
000008250,694.3727,656.1105
000008267,699.9102,659.4305
000008283,705.6077,662.7345
000008300,711.3922,666.0427
000008317,717.3613,669.3421
000008333,723.4915,672.6165
000008350,729.5598,675.8273
000008367,736.0336,679.1937
000008383,742.7672,682.5771
000008400,749.6321,685.9514
000008417,756.573,689.3383
000008433,764.1447,692.9673
000008450,771.5684,696.459
000008467,779.2231,699.962
000008483,787.2261,703.5397
000008500,795.619,707.2609
000008517,804.1453,710.9996
000008533,813.0204,714.735
000008550,822.1901,718.5175
000008567,831.6624,722.3646
000008583,841.5148,726.2725
000008600,851.6467,730.1074
000008617,862.2563,733.9111
000008633,873.3344,737.6649
000008650,884.7966,741.317
000008667,896.3768,744.7189
000008683,908.7626,748.0338
000008700,921.3264,751.0383
000008717,934.3008,753.8345
000008733,948.2916,756.5229
000008750,962.3809,758.7209
000008767,976.9107,760.6305
000008783,991.999,762.249
000008800,1007.907,763.4798
000008817,1024.123,764.0165
000008833,1040.943,764.1848
000008850,1058.376,763.916
000008867,1075.676,762.812
000008883,1093.308,761.1251
000008900,1111.637,758.8694
000008917,1130.886,755.9285
000008933,1151.026,752.0906
000008950,1170.577,747.6897
000008967,1190.17,742.5485
000008983,1209.94,736.6685
000009000,1230.063,729.9606
000009017,1250.837,722.0365
000009033,1270.279,713.6135
000009050,1290.28,704.0511
000009067,1310.272,693.6312
000009083,1330.056,682.4063
000009100,1349.512,670.3641
000009117,1367.378,658.1362
000009133,1385.587,644.699
000009150,1403.153,630.4901
000009167,1419.594,615.9583
000009183,1435.114,601.0598
000009200,1450.258,585.1915
000009217,1463.989,568.8823
000009233,1476.144,552.9453
000009250,1487.482,536.5596
000009267,1497.829,519.7787
000009283,1506.863,503.0225
000009300,1514.691,486.5699
000009317,1520.674,471.0172
000009333,1525.677,455.1851
000009350,1529.559,439.4167
000009367,1532.225,424.16
000009383,1533.706,409.5893
000009400,1533.601,395.4486
000009417,1532.698,381.624
000009433,1530.322,368.4734
000009450,1526.638,356.0997
000009467,1521.195,344.4956
000009483,1514.761,334.1537
000009500,1507.264,324.3198
000009517,1498.702,315.0321
000009533,1489.346,306.5234
000009550,1479.072,298.909
000009567,1467.831,292.0504
000009583,1455.741,285.7542
000009600,1443.094,280.0777
000009617,1430.156,275.1054
000009633,1417.042,270.8443
000009650,1403.983,267.3966
000009667,1390.096,264.3062
000009683,1376.375,261.8013
000009700,1362.876,259.8323
000009717,1349.23,258.2935
000009733,1335.552,257.3977
000009750,1321.768,257.1174
000009767,1307.969,257.2964
000009783,1294.23,257.8873
000009800,1280.624,258.929
000009817,1266.504,260.532
000009833,1253.026,262.5258
000009850,1239.763,264.9581
000009867,1226.554,267.8124
000009883,1213.337,270.9741
000009900,1199.984,275.0031
000009917,1186.646,279.3568
000009933,1173.654,283.915
000009950,1160.887,288.7103
000009967,1147.662,294.0947
000009983,1134.235,300.06
000010000,1121.202,306.1763
000010017,1108.392,312.4973
000010033,1095.617,319.0982
000010050,1082.529,326.0505
000010067,1069.635,333.2278
000010083,1058.17,339.779
000010100,1049.17,345.023
000010117,1042.12,355.1086
000010133,1035.699,367.8295
000010150,1029.591,382.4338
000010167,1023.772,395.3634
000010183,1017.691,408.5151
000010200,1011.401,421.6148
000010217,1004.922,434.5057
000010233,998.2842,447.1208
000010250,991.1863,459.9514
000010267,984.0058,472.2288
000010283,976.4536,484.4819
000010300,968.5343,496.6531
000010317,960.3877,508.5314
000010333,952.1811,519.8832
000010350,943.9412,530.5963
000010367,935.2954,541.2596
000010383,926.4955,551.4853
000010400,917.7386,561.1372
000010417,909.0617,570.3274
000010433,900.0045,579.4447
000010450,891.2789,587.8068
000010467,882.4772,595.8989
000010483,873.8584,603.4889
000010500,865.4714,610.5317
000010517,856.7867,617.3518
000010533,848.1272,623.6993
000010550,839.9698,629.3939
000010567,831.8367,634.83
000010583,823.6588,640.0129
000010600,815.6677,644.7584
000010617,808.1041,648.9926
000010633,800.4354,652.9683
000010650,793.1691,656.5124
000010667,786.1796,659.7236
000010683,779.2835,662.6879
000010700,772.2985,665.4097
000010717,765.8544,667.6963
000010733,759.4328,669.7642
000010750,753.1889,671.5361
000010767,747.217,673.001
000010783,741.2386,674.2647
000010800,735.602,675.2055
000010817,729.9992,675.9454
000010833,724.6102,676.4834
000010850,719.4758,676.835
000010867,714.5002,676.9888
000010883,709.7253,676.9598
000010900,704.898,676.75
000010917,700.2445,676.3864
000010933,695.8143,675.8774
000010950,691.5249,675.1888
000010967,687.4421,674.3752
000010983,683.4139,673.4171
000011000,679.5482,672.3671
000011017,675.8671,671.2598
000011033,672.1241,669.9812
000011050,668.5717,668.5642
000011067,665.1576,667.0967
000011083,661.8768,665.5862
000011100,658.7465,664.0049
000011117,655.6956,662.3547
000011133,652.6691,660.6322
000011150,649.7228,658.8232
000011167,646.9152,656.944
000011183,644.2529,655.0781
000011200,641.589,653.1285
000011217,639.0564,651.1788
000011233,636.6335,649.2081
000011250,634.1881,647.0906
000011267,631.9327,645.0733
000011283,629.7422,643.0139
000011300,627.5786,640.9094
000011317,625.4082,638.7599
000011333,623.3449,636.5533
000011350,621.4247,634.437
000011367,619.5319,632.3093
000011383,617.6425,630.1331
000011400,615.8154,627.9275
000011417,614.0555,625.7697
000011433,612.3646,623.5712
000011450,610.7473,621.3861
000011467,609.2029,619.2667
000011483,607.715,617.0874
000011500,606.2527,614.8495
000011517,604.8983,612.6494
000011533,603.6268,610.4604
000011550,602.3977,608.2181
000011567,601.2859,605.9634
000011583,600.2975,603.8065
000011600,599.3691,601.5603
000011617,598.5292,599.2587
000011633,597.8166,596.9638
000011650,597.2528,594.7103
000011667,596.8024,592.356
000011683,596.4683,590.0847
000011700,596.2533,587.7515
000011717,596.1572,585.3763
000011733,596.1626,583.0533
000011750,596.2964,580.7798
000011767,596.5895,578.4055
000011783,596.9956,576.1076
000011800,597.5182,573.8007
000011817,598.1671,571.4674
000011833,598.9128,569.2528
000011850,599.8577,566.9374
000011867,600.8781,564.7208
000011883,602.051,562.4707
000011900,603.3804,560.1947
000011917,604.7832,557.9963
000011933,606.3684,555.8923
000011950,608.0886,553.7595
000011967,609.9209,551.6653
000011983,611.8638,549.6109
000012000,613.9291,547.5679
000012017,616.147,545.5434
000012033,3234.493,1395.226
000012050,3123.015,1350.225
000012067,3014.024,1305.709
000012083,2911.723,1263.355
000012100,2810.286,1220.758
000012117,2715.337,1180.336
000012133,2626.136,1141.808
000012150,2540.595,1104.238
000012167,2458.373,1067.511
000012183,2380.895,1032.513
000012200,2306.805,998.6235
000012217,2234.869,965.2295
000012233,2169.886,934.4145
000012250,2108.215,904.7979
000012267,2048.577,875.8093
000012283,1991.117,847.529
000012300,1939.923,821.9806
000012317,1889.239,796.1054
000012333,1842.336,771.8065
000012350,1799.069,749.0918
000012367,1758.45,727.4459
000012383,1718.471,705.8322
000012400,1682.081,685.7811
000012417,1648.38,666.8907
000012433,1616.501,648.7582
000012450,1585.413,630.9677
000012467,1557.202,614.5397
000012483,1530.422,598.7275
000012500,1504.904,583.4666
000012517,1481.841,569.493
000012533,1459.942,555.9878
000012550,1438.99,542.9124
000012567,1419.302,530.4526
000012583,1401.325,518.8864
000012600,1383.648,507.2204
000012617,1367.559,496.4202
000012633,1352.432,486.1264
000012650,1337.936,476.1071
000012667,1324.831,466.7538
000012683,1312.277,457.6418
000012700,1300.39,448.8548
000012717,1289.311,440.501
000012733,1279.234,432.7248
000012750,1269.303,424.9182
000012767,1259.975,417.3799
000012783,1251.382,410.2417
000012800,1243.466,403.5109
000012817,1235.674,396.7378
000012833,1228.648,390.4732
000012850,1221.979,384.4219
000012867,1215.579,378.4962
000012883,1209.571,372.6852
000012900,1203.846,367.0568
000012917,1198.62,361.7574
000012933,1193.769,356.7205
000012950,1189.171,351.8751
000012967,1184.645,346.9062
000012983,1180.573,342.325
000013000,1176.745,337.9388
000013017,1173.064,333.6489
000013033,1169.536,329.3922
000013050,1166.247,325.2942
000013067,1163.219,321.437
000013083,1160.347,317.7161
000013100,1157.493,313.9677
000013117,1154.986,310.5494
000013133,1152.531,307.1817
000013150,1150.174,303.9014
000013167,1147.94,300.7291
000013183,1145.829,297.663
000013200,1143.803,294.7391
000013217,1141.857,291.8741
000013233,1140.005,289.1013
000013250,1138.249,286.4438
000013267,1136.55,283.8542
000013283,1134.924,281.3552
000013300,1133.36,278.9074
000013317,1131.867,276.5496
000013333,1130.458,274.3403
000013350,1129.046,272.0878
000013367,1127.724,269.9558
000013383,1126.436,267.8961
000013400,1125.153,265.8809
000013417,1123.923,263.9556
000013433,1122.726,262.0618
000013450,1121.569,260.2352
000013467,1120.44,258.4688
000013483,1119.329,256.7458
000013500,1118.23,255.0361
000013517,1117.187,253.4403
000013533,1116.131,251.8381
000013550,1115.099,250.2834
000013567,1114.11,248.816
000013583,1113.11,247.387
000013600,1112.102,245.914
000013617,1111.158,244.5505
000013633,1110.229,243.2255
000013650,1109.28,241.8928
000013667,1108.332,240.593
000013683,1107.397,239.3395
000013700,1106.474,238.1097
000013717,1105.576,236.9252
000013733,1104.713,235.8051
000013750,1103.802,234.6637
000013767,1102.911,233.5513
000013783,1102.052,232.4894
000013800,1101.21,231.4656
000013817,1100.337,230.4316
000013833,1099.482,229.4254
000013850,1098.625,228.4419
000013867,1097.794,227.5018
000013883,1096.999,226.6073
000013900,1096.143,225.6837
000013917,1095.349,224.8218
000013933,1094.549,223.9615
000013950,1093.728,223.0984
000013967,1092.905,222.2614
000013983,1092.146,221.5031
000014000,1091.364,220.7327
000014017,1090.574,219.9751
000014033,1089.797,219.2528
000014050,1089.064,218.5709
000014067,1088.301,217.9026
000014083,1087.553,217.2529
000014100,1086.828,216.6265
000014117,1086.122,216.0296
000014133,1085.426,215.4827
000014150,1084.736,214.9419
000014167,1084.059,214.4277
000014183,1083.397,213.9373
000014200,1082.749,213.4515
000014217,1082.074,212.9893
000014233,1081.441,212.5483
000014250,1080.841,212.1401
000014267,1080.261,211.754
000014283,1079.678,211.368
000014300,1079.099,210.9896
000014317,1078.558,210.6409
000014333,1078.031,210.3052
000014350,1077.508,209.9745
000014367,1077.036,209.66
000014383,2613.157,114.4806
000014400,2514.582,124.1699
000014417,2421.63,133.2977
000014433,2329.626,142.4122
000014450,2247.56,150.5906
000014467,2169.09,158.4542
000014483,2092.944,166.0875
000014500,2019.161,173.4486
000014517,1950.938,180.3195
000014533,1888.428,186.5398
000014550,1827.807,192.6148
000014567,1768.572,198.6028
000014583,1711.771,204.3408
000014600,1658.334,209.6923
000014617,1606.582,214.8583
000014633,1558.077,219.7061
000014650,1512.611,224.259
000014667,1465.993,228.8861
000014683,1424.77,232.9744
000014700,1383.321,237.1009
000014717,1343.249,241.0792
000014733,1306.129,244.7252
000014750,1270.458,248.1729
000014767,1236.182,251.5607
000014783,1202.475,254.8682
000014800,1170.392,257.9764
000014817,1140.355,260.8651
000014833,1110.927,263.7377
000014850,1083.167,266.4185
000014867,1055.888,269.0229
000014883,1029.77,271.5026
000014900,1005.067,273.8558
000014917,980.9297,276.1854
000014933,958.6685,278.279
000014950,936.6967,280.4075
000014967,915.4421,282.4658
000014983,895.1735,284.4028
000015000,875.9099,286.2354
000015017,857.5669,287.9977
000015033,839.8741,289.7052
000015050,822.2804,291.4151
000015067,805.7949,293.0516
000015083,790.2836,294.6217
000015100,775.4732,296.101
000015117,761.0387,297.5693
000015133,746.8179,299.0835
000015150,733.4653,300.4799
000015167,720.9203,301.8331
000015183,708.861,303.1688
000015200,696.9738,304.4684
000015217,686.0948,305.7284
000015233,675.5019,306.9859
000015250,665.312,308.2426
000015267,655.798,309.451
000015283,646.4307,310.6501
000015300,637.2916,311.8327
000015317,628.8035,313.022
000015333,620.8813,314.1479
000015350,613.2346,315.2654
000015367,605.8729,316.4285
000015383,599.0676,317.5071
000015400,592.4606,318.5747
000015417,586.0907,319.6544
000015433,580.0056,320.7656
000015450,574.3989,321.8147
000015467,569.0974,322.8265
000015483,564.0397,323.8938
000015500,559.3146,324.9112
000015517,554.9126,325.8799
000015533,550.6501,326.8995
000015550,546.6285,327.8984
000015567,542.9954,328.8606
000015583,539.5432,329.855
000015600,536.2517,330.8518
000015617,533.2575,331.8354
000015633,530.5,332.79
000015650,527.9765,333.7392
000015667,525.6592,334.6871
000015683,523.5822,335.5967
000015700,521.7817,336.4343
000015717,520.1364,337.3108
000015733,518.7195,338.1594
000015750,517.5336,338.9763
000015767,516.5325,339.7695
000015783,515.7039,340.5402
000015800,515.0688,341.285
000015817,514.6807,341.9991
000015833,514.4744,342.7155
000015850,514.433,343.398
000015867,514.5494,344.0532
000015883,514.8541,344.7058
000015900,515.2913,345.3232
000015917,516.0059,345.9324
000015933,516.8293,346.5326
000015950,517.8438,347.1321
000015967,518.9661,347.685
000015983,520.2168,348.2344
000016000,521.6268,348.7856
000016017,523.1863,349.3349
000016033,524.7644,349.8685
000016050,526.5156,350.4079
000016067,528.4009,350.9707
000016083,530.3627,351.5175
000016100,532.3655,352.0486
000016117,534.4239,352.6063
000016133,536.7311,353.1985
000016150,539.0151,353.7727
000016167,541.4131,354.3698
000016183,543.8857,354.9915
000016200,546.2917,355.6133
000016217,548.749,356.2462
000016233,551.2231,356.9008
000016250,553.7843,357.6023
000016267,556.4001,358.3282
000016283,558.9893,359.0342
000016300,561.6394,359.8081
000016317,564.2134,360.5593
000016333,566.8361,361.3283
000016350,569.5592,362.1309
000016367,572.3304,362.9475
000016383,575.134,363.7725
000016400,577.9124,364.5794
000016417,580.7211,365.392
000016433,583.6441,366.2439
000016450,586.5051,367.0392
000016467,589.4698,367.8614
000016483,592.4592,368.6753
000016500,595.4301,369.4638
000016517,598.4543,370.251
000016533,601.5922,371.0421
000016550,604.7324,371.8181
000016567,607.8744,372.5783
000016583,611.0908,373.3333
000016600,614.4094,374.0873
000016617,617.6348,374.8044
000016633,620.8752,375.5067
000016650,624.2082,376.209
000016667,627.6498,376.9063
000016683,631.0531,377.5766
000016700,634.4877,378.2321
000016717,637.9879,378.8766
000016733,641.5629,379.4945
000016750,645.0427,380.0688
000016767,648.5728,380.6279
000016783,652.2264,381.1832
000016800,655.9798,381.7318
000016817,659.699,382.2341
000016833,663.4178,382.7158
000016850,266.4058,533.1314
000016867,280.7464,535.0844
000016883,294.769,537.0071
000016900,308.5176,538.9023
000016917,321.9609,540.764
000016933,335.1224,542.578
000016950,348.2059,544.384
000016967,361.4123,546.2161
000016983,374.2424,547.956
000017000,386.9821,549.6596
000017017,399.7391,551.3405
000017033,412.4269,552.9437
000017050,424.9146,554.4818
000017067,437.2084,555.9573
000017083,449.7675,557.3638
000017100,462.3057,558.7382
000017117,474.7899,560.0705
000017133,487.007,561.2668
000017150,499.263,562.4234
000017167,511.5528,563.5455
000017183,524.3482,564.5455
000017200,536.8831,565.4551
000017217,549.2856,566.2857
000017233,561.8743,567.0094
000017250,574.382,567.6191
000017267,586.8804,568.1342
000017283,599.4373,568.5223
000017300,612.0903,568.778
000017317,624.0052,568.9581
000017333,634.831,569.0626
000017350,647.5622,569.0428
000017367,660.4645,568.9362
000017383,673.847,568.7355
000017400,691.192,568.3234
000017417,705.8182,567.8756
000017433,718.955,567.3875
000017450,732.0463,566.8173
000017467,745.3007,566.1669
000017483,758.6451,565.4646
000017500,772.071,564.7057
000017517,785.6058,563.8577
000017533,798.9672,562.9874
000017550,812.4128,562.0842
000017567,826.2601,561.1315
000017583,839.649,560.1928
000017600,852.9882,559.2319
000017617,866.4994,558.268
000017633,880.1917,557.3183
000017650,893.3354,556.4046
000017667,907.0067,555.4791
000017683,920.4069,554.591
000017700,933.5422,553.7473
000017717,946.751,552.9462
000017733,960.3295,552.1925
000017750,973.5324,551.5038
000017767,986.5306,550.8758
000017783,999.5175,550.3074
000017800,1012.454,549.8782
000017817,1025.24,549.5308
000017833,1037.947,549.2618
000017850,1050.656,549.0745
000017867,1063.802,549.048
000017883,1076.331,549.1387
000017900,1088.622,549.2952
000017917,1100.838,549.5051
000017933,1113.245,549.8261
000017950,1125.886,550.2153
000017967,1138.197,550.6207
000017983,1150.078,551.0241
000018000,1162.387,551.5251
000018017,1174.829,552.0423
000018033,1187.239,552.5553
000018050,1199.371,553.0314
000018067,1211.213,553.4699
000018083,1223.116,553.9048
000018100,1235.268,554.3495
000018117,1247.659,554.7606
000018133,1259.843,555.1439
000018150,1271.842,555.5011
000018167,1284.489,555.8063
000018183,1296.422,556.0707
000018200,1308.315,556.3163
000018217,1320.667,556.5499
000018233,1332.935,556.7058
000018250,1345.187,556.8553
000018267,1357.393,556.9949
000018283,1369.389,557.085
000018300,1381.629,557.1573
000018317,1393.907,557.213
000018333,1406.094,557.2499
000018350,1418.373,557.2634
000018367,1430.77,557.2756
000018383,1443.253,557.2881
000018400,1455.357,557.3022
000018417,1467.61,557.3341
000018433,1479.895,557.3685
000018450,1492.047,557.3827
000018467,1504.367,557.4192
000018483,1516.727,557.4631
000018500,1529.077,557.5079
000018517,1541.464,557.5251
000018533,1553.859,557.5433
000018550,1566.17,557.5488
000018567,1578.223,557.5165
000018583,1590.772,557.4827
000018600,1603.331,557.4276
000018617,1615.744,557.3446
000018633,1628.717,557.232
000018650,1641.357,557.0865
000018667,1653.872,556.9128
000018683,1666.703,556.7123
000018700,1679.917,556.4874
000018717,1692.859,556.2339
000018733,390.3375,654.0411
000018750,410.1691,652.9008
000018767,430.3852,651.7186
000018783,450.4548,650.5228
000018800,470.3451,649.3027
000018817,490.1349,648.0302
000018833,509.9104,646.7603
000018850,529.1829,645.4896
000018867,548.3278,644.1953
000018883,568.1483,642.8232
000018900,587.9775,641.4255
000018917,607.6993,640.0319
000018933,627.0665,638.6603
000018950,645.6735,637.3354
000018967,665.2635,635.9508
000018983,684.7372,634.5449
000019000,703.9898,633.1293
000019017,723.1248,631.7156
000019033,742.2049,630.3011
000019050,761.5709,628.8257
000019067,780.8413,627.3325
000019083,799.5829,625.879
000019100,818.8914,624.314
000019117,837.6006,622.7669
000019133,856.3782,621.1947
000019150,875.3365,619.5903
000019167,893.7264,618.0099
000019183,911.9357,616.4182
000019200,930.3408,614.7687
000019217,948.9202,613.0697
000019233,967.4523,611.364
000019250,985.924,609.6544
000019267,1003.651,607.9773
000019283,1021.414,606.2744
000019300,1039.482,604.5185
000019317,1057.451,602.722
000019333,1075.329,600.9205
000019350,1092.502,599.1782
000019367,1109.527,597.4387
000019383,1126.911,595.6477
000019400,1144.101,593.8617
000019417,1160.67,592.1031
000019433,1177.331,590.3345
000019450,1194.152,588.5614
000019467,1210.781,586.8236
000019483,1227.169,585.0572
000019500,1242.929,583.3787
000019517,1258.813,581.6964
000019533,1275.088,579.9719
000019550,1290.624,578.3075
000019567,1305.656,576.7076
000019583,1320.782,575.1005
000019600,1335.946,573.4991
000019617,1350.906,571.9382
000019633,1365.803,570.3699
000019650,1380.419,568.8173
000019667,1394.593,567.3237
000019683,1408.491,565.8689
000019700,1422.615,564.371
000019717,1436.766,562.8742
000019733,1450.734,561.41
000019750,1464.214,560.0083
000019767,1477.185,558.6624
000019783,1490.477,557.2384
000019800,1503.64,555.8529
000019817,1516.661,554.498
000019833,1529.526,553.1646
000019850,1542.183,551.8463
000019867,1554.163,550.5861
000019883,1566.489,549.3142
000019900,1578.735,548.0466
000019917,1590.711,546.7993
000019933,1602.475,545.5922
000019950,1614.089,544.4255
000019967,1625.622,543.2652
000019983,1636.833,542.1609
000020000,1647.692,541.1209
000020017,1658.668,540.0576
000020033,1669.481,539.0275
000020050,1680.461,537.9794
000020067,1691.274,536.968
000020083,1701.63,536.0333
000020100,1711.876,535.1057
000020117,1721.898,534.2149
000020133,1731.782,533.335
000020150,1741.699,532.4571
000020167,1751.697,531.5889
000020183,1761.272,530.7843
000020200,1770.746,529.9855
000020217,1780.069,529.1942
000020233,1789.272,528.4193
000020250,1798.39,527.6627
000020267,1807.437,526.8876
000020283,1816.226,526.1691
000020300,1824.961,525.4471
000020317,1833.518,524.7284
000020333,1841.754,524.0325
000020350,305.3177,817.5356
000020367,363.3059,810.4587
000020383,416.9368,803.8584
000020400,467.0681,797.6667
000020417,516.5971,791.6122
000020433,563.5725,785.8437
000020450,609.1101,780.2333
000020467,653.0746,774.845
000020483,695.0868,769.7487
000020500,734.1318,764.9988
000020517,772.864,760.2684
000020533,810.2592,755.7396
000020550,845.881,751.4852
000020567,879.5441,747.5203
000020583,911.9354,743.5985
000020600,943.4583,739.8365
000020617,974.3273,736.2014
000020633,1004.58,732.6829
000020650,1032.663,729.4777
000020667,1059.468,726.3391
000020683,1085.893,723.2863
000020700,1111.912,720.3406
000020717,1136.007,717.5437
000020733,1159.504,714.8572
000020750,1182.676,712.2137
000020767,1205.095,709.6621
000020783,1226.029,707.3075
000020800,1247.332,704.8387
000020817,1267.192,702.5602
000020833,1286.296,700.3726
000020850,1305.091,698.2084
000020867,1323.292,696.0964
000020883,1340.853,694.0437
000020900,1357.696,692.0532
000020917,1373.925,690.121
000020933,1389.68,688.2378
000020950,1405.02,686.3749
000020967,1419.823,684.5593
000020983,1434.366,682.7266
000021000,1448.457,680.9084
000021017,1461.77,679.171
000021033,1474.7,677.4467
000021050,1486.823,675.7735
000021067,1498.668,674.0818
000021083,1510.399,672.3613
000021100,1521.174,670.792
000021117,1531.995,669.1046
000021133,1542.466,667.4208
000021150,1552.409,665.7936
000021167,1561.736,664.2493
000021183,1571.025,662.6122
000021200,1579.925,660.9816
000021217,1588.419,659.3721
000021233,1596.51,657.7856
000021250,1604.208,656.2039
000021267,1611.522,654.6461
000021283,1618.483,653.0587
000021300,1625.106,651.4539
000021317,1631.443,649.8126
000021333,1637.618,648.0074
000021350,1643.105,646.1752
000021367,1648.229,644.2743
000021383,1653.121,642.2595
000021400,1657.695,640.1302
000021417,1661.667,637.9747
000021433,1665.459,635.657
000021450,1668.778,633.3182
000021467,1671.754,630.9358
000021483,1674.447,628.5093
000021500,1676.869,626.0641
000021517,1678.92,623.4692
000021533,1680.624,620.8678
000021550,1682.028,618.2597
000021567,1683.156,615.6281
000021583,1684.043,612.9424
000021600,1684.663,610.1961
000021617,1684.918,607.5023
000021633,1684.957,604.8566
000021650,1684.81,602.2469
000021667,1684.471,599.6541
000021683,1683.885,596.9866
000021700,1683.113,594.4403
000021717,1682.188,591.9286
000021733,1681.13,589.4796
000021750,1679.974,587.1444
000021767,1678.578,584.7814
000021783,1677.092,582.4891
000021800,1675.505,580.2623
000021817,1673.84,578.1132
000021833,1672.147,576.0763
000021850,1670.379,574.0925
000021867,1668.56,572.1613
000021883,1666.682,570.3019
000021900,1664.747,568.5242
000021917,1662.745,566.8337
000021933,1660.789,565.2327
000021950,1658.83,563.7084
000021967,1656.841,562.2188
000021983,1654.802,560.7547
000022000,1652.874,559.4567
000022017,1650.945,558.2665
000022033,1648.995,557.0912
000022050,1647.031,555.9686
000022067,1645.119,554.9444
000022083,1643.307,554.0231
000022100,1641.371,553.102
000022117,1639.555,552.2744
000022133,1637.788,551.5138
000022150,1636.037,550.7933
000022167,1634.309,550.083
000022183,1632.689,549.3838
000022200,1631.049,548.6926
000022217,1629.444,548.0272
000022233,1627.924,547.3664
000022250,1626.495,546.6724
000022267,1625.134,545.9899
000022283,1623.921,545.3193
000022300,1622.769,544.579
000022317,1621.724,543.8228
000022333,1620.81,543.0766
000022350,1619.992,542.2313
000022367,1619.339,541.4127
000022383,1618.798,540.5548
000022400,1618.404,539.681
000022417,1618.155,538.7995
000022433,1618.06,537.8863
000022450,1618.128,536.9567
000022467,1618.379,536.0163
000022483,1618.804,535.0573
000022500,1619.43,534.075
000022517,1620.285,533.0588
000022533,1621.297,532.076
000022550,1622.506,531.0443
000022567,1623.884,530.0112
000022583,220.362,390.8904
000022600,222.3123,390.5167
000022617,224.1707,390.14
000022633,225.9127,389.7737
000022650,227.5791,389.4088
000022667,229.2888,389.004
000022683,230.813,388.6325
000022700,232.2778,388.2452
000022717,233.6704,387.8535
000022733,234.9829,387.4649
000022750,236.2109,387.0801
000022767,237.3434,386.6915
000022783,238.4209,386.3054
000022800,239.4335,385.9188
000022817,240.3842,385.5284
000022833,241.3089,385.1342
000022850,242.1185,384.7634
000022867,242.8719,384.3952
000022883,243.5722,384.03
000022900,244.2148,383.6703
000022917,244.802,383.3239
000022933,245.3542,382.9755
000022950,245.8414,382.6418
000022967,246.2801,382.3173
000022983,246.6848,381.9962
000023000,247.0505,381.6757
000023017,247.3541,381.3745
000023033,247.6143,381.0781
000023050,247.8371,380.7902
000023067,248.0224,380.5079
000023083,248.1428,380.2104
000023100,248.2229,379.9417
000023117,248.2583,379.6711
000023133,248.2552,379.4063
000023150,248.2178,379.1497
000023167,248.15,378.8899
000023183,248.0353,378.6269
000023200,247.8786,378.3664
000023217,247.6881,378.1154
000023233,247.4729,377.8756
000023250,247.2292,377.6426
000023267,246.9463,377.4047
000023283,246.649,377.1794
000023300,246.3257,376.9563
000023317,245.9759,376.7326
000023333,245.6162,376.5157
000023350,245.2422,376.2974
000023367,244.8367,376.0826
000023383,244.4158,375.8733
000023400,243.9827,375.6661
000023417,243.5056,375.4474
000023433,243.0347,375.2371
000023450,242.5426,375.0179
000023467,242.0467,374.8044
000023483,241.5425,374.5928
000023500,241.0154,374.3644
000023517,240.5083,374.1542
000023533,239.9601,373.923
000023550,239.4198,373.691
000023567,238.8916,373.4653
000023583,238.3589,373.2439
000023600,237.8158,373.0084
000023617,237.2669,372.7792
000023633,236.7134,372.5374
000023650,236.1636,372.2913
000023667,235.6266,372.0558
000023683,235.0923,371.8067
000023700,234.5786,371.5658
000023717,234.0708,371.3241
000023733,233.5624,371.0833
000023750,233.0506,370.8473
000023767,232.558,370.6094
000023783,232.0687,370.377
000023800,231.5867,370.1451
000023817,231.1151,369.9151
000023833,230.6609,369.6919
000023850,230.1941,369.4745
000023867,229.7496,369.2626
000023883,229.307,369.0521
000023900,228.86,368.8428
000023917,228.4123,368.6378
000023933,228.0122,368.4533
000023950,227.6017,368.2668
000023967,227.1977,368.0871
000023983,226.8121,367.9192
000024000,226.4038,367.7411
000024017,226.0352,367.5801
000024033,225.6741,367.4259
000024050,225.3144,367.277
000024067,224.9588,367.1346
000024083,224.6186,367.0035
000024100,224.2871,366.8818
000024117,223.9649,366.7601
000024133,223.6517,366.6431
000024150,223.3445,366.5334
000024167,223.0419,366.4312
000024183,222.7585,366.3353
000024200,222.4849,366.2509
000024217,222.2198,366.1781
000024233,221.9563,366.113
000024250,221.6969,366.0496
000024267,221.4394,365.9847
000024283,221.1963,365.9271
000024300,220.9684,365.8832
000024317,220.7455,365.8578
000024333,220.5397,365.8201
000024350,220.3237,365.8027
000024367,220.1083,365.785
000024383,219.901,365.7628
000024400,219.693,365.7542
000024417,219.4913,365.761
000024433,219.3047,365.7657
000024450,219.1193,365.7698
000024467,218.9353,365.7734
000024483,218.7599,365.7772
000024500,218.5577,365.7817
000024517,218.3878,365.7974
000024533,218.2103,365.8148
000024550,218.0284,365.8321
000024567,217.858,365.8511
000024583,217.6824,365.8835
000024600,217.5171,365.9041
000024617,217.3411,365.9285
000024633,217.1574,365.96
000024650,216.986,365.9927
000024667,216.8386,366.0244
000024683,216.6698,366.0568
000024700,216.4954,366.0961
000024717,216.3271,366.1433
000024733,216.1488,366.1838
000024750,215.9903,366.2409
000024767,215.8297,366.3152
000024783,215.6635,366.4036
000024800,215.498,366.4947
000024817,215.3376,366.5905
000024833,215.1785,366.7135
000024850,215.0147,366.858
000024867,214.8484,367.0222
000024883,214.6996,367.2129
000024900,214.5596,367.4157
000024917,214.3967,367.6442
000024933,214.2448,367.9069
000024950,214.1048,368.186
000024967,213.959,368.4639
000024983,213.7989,368.798
000025000,213.6637,369.123
000025017,213.5311,369.4768
000025033,213.3949,369.8495
000025050,213.256,370.233
000025067,213.1225,370.639
000025083,212.9969,371.0341
000025100,212.8684,371.4688
000025117,212.7383,371.9081
000025133,212.6094,372.3605
000025150,212.4897,372.8389
000025167,212.3781,373.2991
000025183,212.2673,373.7885
000025200,212.1654,374.3026
000025217,212.0688,374.8208
000025233,211.9486,375.325
000025250,211.8546,375.8846
000025267,211.7595,376.4378
000025283,211.6619,377.0055
000025300,211.5722,377.599
000025317,211.5034,378.1977
000025333,211.432,378.8075
000025350,211.36,379.4442
000025367,211.2852,380.1141
000025383,211.2147,380.8063
000025400,211.1644,381.4866
000025417,211.1449,382.1813
000025433,211.1011,382.8804
000025450,211.0626,383.6105
000025467,211.0523,384.376
000025483,211.0638,385.1278
000025500,211.1123,385.873
000025517,211.1599,386.649
000025533,211.2141,387.4376
000025550,211.2857,388.237
000025567,211.4002,389.0875
000025583,211.5143,389.9297
000025600,211.671,390.7908
000025617,211.8699,391.6493
000025633,212.0966,392.5104
000025650,212.3468,393.4234
000025667,212.6336,394.3439
000025683,212.9604,395.2641
000025700,213.3281,396.2139
000025717,213.7538,397.1812
000025733,214.2168,398.1653
000025750,214.7329,399.2133
000025767,215.3272,400.2645
000025783,215.9571,401.3329
000025800,216.6404,402.4381
000025817,217.4129,403.58
000025833,218.232,404.6886
000025850,219.1267,405.8624
000025867,220.1212,407.0872
000025883,221.2061,408.325
000025900,222.3881,409.6228
000025917,223.6223,410.8624
000025933,224.9935,412.1921
000025950,226.5066,413.5701
000025967,228.1456,414.9654
000025983,229.8675,416.3898
000026000,231.7467,417.7881
000026017,233.83,419.2791
000026033,236.0414,420.7784
000026050,238.4163,422.3053
000026067,241.034,423.8957
000026083,243.8775,425.4766
000026100,246.9844,427.0707
000026117,250.2733,428.7103
000026133,253.8534,430.4133
000026150,257.7007,432.103
000026167,261.801,433.8123
000026183,266.1065,435.5257
000026200,270.604,437.205
000026217,275.6324,438.9965
000026233,281.1393,440.806
000026250,286.9272,442.6261
000026267,293.0522,444.4177
000026283,299.552,446.2256
000026300,306.3524,448.0625
000026317,313.8219,449.8893
000026333,321.8177,451.7549
000026350,330.2961,453.6308
000026367,339.3319,455.4649
000026383,348.8907,457.2364
000026400,358.7491,458.9865
000026417,369.6001,460.6832
000026433,380.7701,462.3074
000026450,392.7347,463.9446
000026467,405.3741,465.5582
000026483,418.2949,467.071
000026500,432.5626,468.6122
000026517,446.7014,469.9967
000026533,461.7747,471.4013
000026550,477.7572,472.7682
000026567,494.2193,474.0475
000026583,510.7147,475.2872
000026600,528.3591,476.5608
000026617,545.9651,477.8276
000026633,564.1476,479.0814
000026650,583.1793,480.3281
000026667,602.3219,481.5969
000026683,621.9363,482.8907
000026700,641.883,484.2042
000026717,662.0529,485.5343
000026733,682.0332,486.8564
000026750,701.9476,488.1701
000026767,723.1027,489.5521
000026783,743.3287,490.9334
000026800,764.2198,492.3601
000026817,784.9828,493.8333
000026833,805.346,495.3293
000026850,825.5914,496.8183
000026867,846.2562,498.4031
000026883,866.1804,500.0157
000026900,886.2971,501.704
000026917,906.2631,503.4384
000026933,925.291,505.1553
000026950,944.0944,506.9734
000026967,963.426,508.9505
000026983,981.9714,510.9327
000027000,999.8881,512.9326
000027017,1017.639,515.0046
000027033,1035.144,517.163
000027050,1052.451,519.3534
000027067,1069.385,521.6191
000027083,1085.925,523.9451
000027100,1102.14,526.2805
000027117,1118.173,528.5782
000027133,1133.408,530.7897
000027150,1148.303,532.968
000027167,1163.045,535.1042
000027183,1177.72,537.1379
000027200,1191.632,539.0151
000027217,1204.803,540.7661
000027233,1217.567,542.4128
000027250,1230.647,543.9669
000027267,1242.741,545.3341
000027283,1254.577,546.5973
000027300,1266.255,547.7468
000027317,1277.352,548.7106
000027333,1288.274,549.5496
000027350,1299.088,550.2625
000027367,1309.765,550.8305
000027383,1319.563,551.2189
000027400,1329.096,551.4919
000027417,1338.461,551.6577
000027433,1347.667,551.6978
000027450,1356.594,551.5837
000027467,1365.621,551.3227
000027483,1373.996,550.9778
000027500,1382.214,550.5618
000027517,1390.448,550.0541
000027533,1398.304,549.4508
000027550,1405.911,548.7355
000027567,1413.617,547.9612
000027583,1421.085,547.1053
000027600,1428.3,546.1759
000027617,1435.61,545.191
000027633,1442.559,544.1284
000027650,1449.599,542.9598
000027667,1456.378,541.7648
000027683,1463.019,540.5295
000027700,1469.787,539.1991
000027717,1476.322,537.8248
000027733,1482.517,536.4929
000027750,1488.82,535.0753
000027767,1495.188,533.5914
000027783,1501.407,532.1075
000027800,1507.342,530.6464
000027817,1513.407,529.1188
000027833,1519.281,527.5692
000027850,1524.967,526.0476
000027867,1530.577,524.5362
000027883,1536.339,522.935
000027900,1541.733,521.4394
000027917,1547.085,519.9106
000027933,1552.411,518.3925
000027950,1557.704,516.9013
000027967,1562.888,515.431
000027983,1567.876,514.0394
000028000,1572.743,512.6727
000028017,1577.517,511.3459
000028033,1582.241,510.0367
000028050,1586.947,508.7007
000028067,1591.354,507.4952
000028083,1595.68,506.2854
000028100,1599.988,505.0581
000028117,1604.164,503.8494
000028133,1608.081,502.705
000028150,1612.076,501.5484
000028167,1615.914,500.3864
000028183,1619.505,499.2797
000028200,1622.989,498.1825
000028217,1626.443,497.067
000028233,1629.786,495.9711
000028250,1632.95,494.8595
000028267,1635.884,493.7811
000028283,1638.732,492.6765
000028300,1641.492,491.5505
000028317,1644.098,490.4324
000028333,1646.464,489.3045
000028350,1648.748,488.1473
000028367,1650.802,487.0138
000028383,1652.731,485.8567
000028400,1654.549,484.6575
000028417,1656.168,483.4692
000028433,1657.571,482.2225
000028450,1658.828,480.974
000028467,1659.906,479.7073
000028483,1660.787,478.4498
000028500,1661.491,477.2185
000028517,1662.081,475.905
000028533,1662.454,474.5656
000028550,1662.706,473.2328
000028567,1662.748,471.9068
000028583,1662.662,470.6335
000028600,1662.359,469.2968
000028617,1661.894,467.9354
000028633,1661.275,466.5696
000028650,1660.514,465.2318
000028667,1659.631,463.952
000028683,1658.556,462.5886
000028700,1657.276,461.2177
000028717,1655.907,459.9073
000028733,1654.407,458.6163
000028750,2364.516,524.3564
000028767,2332.559,522.8832
000028783,2300.936,521.3817
000028800,2269.724,519.8978
000028817,2240.064,518.446
000028833,2212.046,517.0303
000028850,2184.987,515.6475
000028867,2157.438,514.1567
000028883,2131.496,512.7306
000028900,2106.042,511.3217
000028917,2081.258,509.926
000028933,2057.668,508.558
000028950,2033.582,507.1838
000028967,2011.247,505.8926
000028983,1988.911,504.5909
000029000,1967.114,503.3271
000029017,1946.406,502.1422
000029033,1926.241,500.9979
000029050,1906.374,499.8972
000029067,1886.367,498.7773
000029083,1866.876,497.6985
000029100,1848.158,496.689
000029117,1829.291,495.6701
000029133,1811.516,494.7061
000029150,1794.155,493.7913
000029167,1776.739,492.8912
000029183,1759.398,492.0003
000029200,1742.99,491.1444
000029217,1726.238,490.2748
000029233,1709.829,489.4301
000029250,1693.68,488.5947
000029267,1677.742,487.7614
000029283,1661.989,486.933
000029300,1646.958,486.137
000029317,1631.875,485.3165
000029333,1616.628,484.4651
000029350,1601.573,483.6175
000029367,1586.732,482.7656
000029383,1572.627,481.9033
000029400,1558.378,481.012
000029417,1544.063,480.0814
000029433,1529.842,479.1226
000029450,1515.751,478.1646
000029467,1501.884,477.1514
000029483,1488.297,476.11
000029500,1474.807,475.0642
000029517,1461.288,474.0029
000029533,1447.907,472.8907
000029550,1434.648,471.7606
000029567,1421.479,470.6097
000029583,1408.4,469.4301
000029600,1395.477,468.2296
000029617,1382.836,467.0471
000029633,1370.157,465.8403
000029650,1357.409,464.6021
000029667,1344.632,463.3462
000029683,1332.373,462.0953
000029700,1320.173,460.8385
000029717,1307.756,459.5468
000029733,1295.736,458.2636
000029750,1283.9,456.9816
000029767,1271.527,455.6008
000029783,1259.511,454.2387
000029800,1247.579,452.85
000029817,1235.746,451.4507
000029833,1224.427,450.0647
000029850,1212.738,448.6194
000029867,1200.906,447.1388
000029883,1189.078,445.6446
000029900,1177.461,444.1164
000029917,1165.914,442.588
000029933,1154.518,441.0461
000029950,1143.208,439.4989
000029967,1131.767,437.9199
000029983,1120.124,436.2654
000030000,1108.673,434.6296
000030017,1097.686,433.0565
000030033,1086.278,431.3757
000030050,1074.83,429.6567
000030067,1063.62,427.9594
000030083,1052.562,426.2796
000030100,1041.278,424.52
000030117,1030.05,422.7601
000030133,1018.72,420.9705
000030150,1007.357,419.1663
000030167,996.3738,417.386
000030183,985.4182,415.6048
000030200,974.4893,413.8206
000030217,963.175,411.9481
000030233,952.1376,410.1066
000030250,941.3348,408.2985
000030267,930.2676,406.446
000030283,919.2195,404.5928
000030300,908.165,402.7448
000030317,897.0422,400.91
000030333,886.201,399.108
000030350,875.4799,397.3214
000030367,864.3992,395.5151
000030383,853.3782,393.7379
000030400,842.4193,391.9901
000030417,831.6589,390.3035
000030433,820.8527,388.637
000030450,809.9429,386.9946
000030467,799.2531,385.4095
000030483,788.5919,383.8473
000030500,777.8588,382.3137
000030517,767.1602,380.8317
000030533,756.4777,379.377
000030550,745.7661,377.9496
000030567,735.043,376.5569
000030583,724.3162,375.1891
000030600,713.6166,373.8592
000030617,702.9109,372.5556
000030633,692.1941,371.2833
000030650,681.5494,370.0592
000030667,670.8718,368.8485
000030683,660.1055,367.6507
000030700,649.3532,366.5138
000030717,638.6055,365.4081
000030733,627.8443,364.3491
000030750,617.0083,363.3027
000030767,606.1375,362.2709
000030783,595.2789,361.3068
000030800,584.6393,360.3738
000030817,574.1917,359.4683
000030833,563.348,358.5883
000030850,552.4796,357.7312
000030867,541.6246,356.9113
000030883,530.7946,356.1062
000030900,520.0783,355.3271
000030917,509.6917,354.6174
000030933,499.0834,353.9258
000030950,488.3399,353.2479
000030967,477.591,352.612
000030983,466.8459,352.0043
000031000,456.1052,351.4249
000031017,445.2748,350.8699
000031033,434.5795,350.3459
000031050,424.1094,349.8704
000031067,413.3633,349.4233
000031083,402.5392,348.9935
000031100,391.7385,348.5965
000031117,381.1982,348.2474
000031133,370.8044,347.9264
000031150,359.9797,347.6293
000031167,349.3899,347.3549
000031183,339.0773,347.1084
000031200,328.4802,346.9152
000031217,317.8214,346.7432
000031233,307.135,346.6003
000031250,296.7316,346.4893
000031267,286.4147,346.3956
000031283,275.789,346.3475
000031300,265.4271,346.3213
000031317,255.2924,346.3135
000031333,244.7618,346.3421
000031350,234.2179,346.3883
000031367,223.6984,346.4594
000031383,213.3766,346.5449
000031400,203.0743,346.6425
000031417,192.5791,346.7811
000031433,182.3454,346.9415
000031450,172.0612,347.1209
000031467,161.7279,347.3353
000031483,151.7719,347.5593
000031500,141.3839,347.7971
000031517,130.9785,348.0685
000031533,120.6739,348.3616
000031550,110.4929,348.6703
000031567,100.4194,349.0021
000031583,90.37846,349.3456
000031600,80.09016,349.7161
000031617,69.72794,350.1
000031633,59.82719,350.4863
000031650,49.79616,350.8875
000031667,39.62282,351.3054
000031683,29.47283,351.7489
000031700,19.19635,352.2202
000031717,347.3996,456.0126
000031733,347.1685,455.7214
000031750,346.9297,455.4153
000031767,346.6841,455.1011
000031783,346.4499,454.8191
000031800,346.2063,454.5223
000031817,345.9529,454.2093
000031833,345.7104,453.9168
000031850,345.4681,453.6224
000031867,345.23,453.3261
000031883,344.9946,453.0329
000031900,344.7576,452.7402
000031917,344.5222,452.4507
000031933,344.283,452.1652
000031950,344.0424,451.8788
000031967,343.8121,451.5886
000031983,343.5782,451.3011
000032000,343.3461,451.0187
000032017,343.117,450.7427
000032033,342.8911,450.4619
000032050,342.6661,450.1793
000032067,342.4406,449.8956
000032083,342.2273,449.6314
000032100,342.0144,449.3629
000032117,341.8005,449.0846
000032133,341.5845,448.8191
000032150,341.3752,448.5526
000032167,341.1798,448.2816
000032183,340.9751,448.0171
000032200,340.778,447.7564
000032217,340.5967,447.5024
000032233,340.4177,447.2452
000032250,340.2399,446.9858
000032267,340.0687,446.7257
000032283,339.8989,446.4768
000032300,339.7354,446.2331
000032317,339.5807,445.9966
000032333,339.4326,445.7593
000032350,339.2935,445.5231
000032367,339.1706,445.2928
000032383,339.045,445.0688
000032400,338.9224,444.8465
000032417,338.8087,444.6262
000032433,338.7147,444.4141
000032450,338.6281,444.2032
000032467,338.5474,443.9923
000032483,338.4695,443.7909
000032500,338.4003,443.5918
000032517,338.3524,443.3945
000032533,338.3187,443.2075
000032550,338.2906,443.0208
000032567,338.2615,442.8298
000032583,338.2619,442.6501
000032600,338.2718,442.4705
000032617,338.2939,442.2888
000032633,338.3424,442.1165
000032650,338.4036,441.9449
000032667,338.4753,441.7717
000032683,338.5623,441.5926
000032700,338.6602,441.4138
000032717,338.7801,441.247
000032733,338.9035,441.0734
000032750,339.0348,440.8958
000032767,339.1979,440.721
000032783,339.3745,440.5352
000032800,339.5652,440.3399
000032817,339.7623,440.1478
000032833,339.9729,439.9522
000032850,340.1976,439.7529
000032867,340.4329,439.5382
000032883,340.6762,439.3188
000032900,340.9293,439.0959
000032917,341.1886,438.8575
000032933,341.4539,438.6125
000032950,341.7311,438.368
000032967,342.015,438.1119
000032983,342.3055,437.8461
000033000,342.5981,437.5648
000033017,342.8962,437.2781
000033033,343.1987,436.9854
000033050,343.5036,436.6729
000033067,343.814,436.3557
000033083,344.1337,436.0339
000033100,344.4507,435.7003
000033117,344.7596,435.3603
000033133,345.058,435.0139
000033150,345.3779,434.6498
000033167,345.6968,434.2785
000033183,345.9977,433.9052
000033200,346.3082,433.5224
000033217,346.6102,433.1361
000033233,346.9037,432.7471
000033250,347.2032,432.3291
000033267,347.4925,431.9023
000033283,347.7793,431.4713
000033300,348.0688,431.0333
000033317,348.3427,430.5748
000033333,348.6197,430.1113
000033350,348.8806,429.6384
000033367,349.1205,429.1751
000033383,349.3576,428.7068
000033400,349.6101,428.2087
000033417,349.8578,427.7197
000033433,350.0782,427.231
000033450,350.2988,426.7429
000033467,350.52,426.2538
000033483,350.7303,425.7615
000033500,350.9366,425.2658
000033517,351.1417,424.7872
000033533,351.3525,424.3168
000033550,351.5635,423.868
000033567,351.7773,423.4382
000033583,351.9938,423.0077
000033600,352.2025,422.6329
000033617,352.4159,422.2646
000033633,352.6505,421.9108
000033650,352.8917,421.5754
000033667,353.1358,421.2606
000033683,353.4107,420.9719
000033700,353.6963,420.7214
000033717,353.9848,420.493
000033733,354.3073,420.2852
000033750,354.67,420.0905
000033767,355.0385,419.9214
000033783,355.4428,419.761
000033800,355.8879,419.6075
000033817,356.3751,419.4841
000033833,356.9005,419.3655
000033850,357.4734,419.2527
000033867,358.1232,419.1724
000033883,358.8196,419.107
000033900,359.571,419.0624
000033917,360.3972,419.0361
000033933,361.2804,419.0206
000033950,362.2693,418.9977
000033967,363.3417,418.9928
000033983,364.5154,419.0213
000034000,365.7848,419.0852
000034017,367.1887,419.1412
000034033,368.6536,419.1985
000034050,370.2055,419.266
000034067,371.9391,419.3705
000034083,373.8919,419.4934
000034100,375.9163,419.6257
000034117,378.0864,419.7831
000034133,380.4119,419.9481
000034150,382.8811,420.0998
000034167,385.679,420.2918
000034183,388.5789,420.5241
000034200,391.7593,420.7795
000034217,395.1764,421.0378
000034233,398.8035,421.3018
000034250,402.8171,421.628
000034267,406.9482,421.9037
000034283,411.5179,422.1743
000034300,416.4079,422.4388
000034317,421.6465,422.6992
000034333,427.4332,422.9548
000034350,433.4746,423.156
000034367,439.9771,423.3683
000034383,446.8878,423.568
000034400,454.3535,423.7546
000034417,462.5992,423.9301
000034433,471.0349,424.0646
000034450,480.0317,424.2127
000034467,489.6145,424.3436
000034483,499.7508,424.4578
000034500,510.3659,424.5818
000034517,521.9912,424.7004
000034533,533.7961,424.8008
000034550,546.0018,424.9259
000034567,558.9359,425.0734
000034583,572.8473,425.2178
000034600,586.7573,425.4337
000034617,601.118,425.7003
000034633,616.4152,426.0088
000034650,632.219,426.387
000034667,648.0266,426.8646
000034683,664.157,427.4694
000034700,681.3659,428.1396
000034717,698.4924,428.8983
000034733,715.6048,429.7545
000034750,733.0291,430.7167
000034767,751.4315,431.7937
000034783,769.3379,432.9577
000034800,787.3448,434.22
000034817,805.9639,435.5898
000034833,824.9938,437.0392
000034850,843.2086,438.4825
000034867,861.7864,439.9951
000034883,881.0652,441.5842
000034900,900.2084,443.1976
000034917,918.9738,444.809
000034933,937.655,446.4238
000034950,956.2536,448.0912
000034967,974.9702,449.7791
000034983,993.5284,451.4638
000035000,1011.865,453.1639
000035017,1030.115,454.9607
000035033,1048.163,456.7328
000035050,1065.674,458.5254
000035067,1082.932,460.3269
000035083,1100.117,462.145
000035100,1117.418,464.0727
000035117,1134.181,465.9783
000035133,1150.857,467.9131
000035150,1167.395,469.8727
000035167,1183.332,471.7913
000035183,1199.274,473.7745
000035200,1214.657,475.7249
000035217,1229.8,477.6899
000035233,1244.998,479.7213
000035250,1259.381,481.695
000035267,1273.84,483.7156
000035283,1288.006,485.7194
000035300,1301.867,487.7065
000035317,1315.919,489.7821
000035333,1329.532,491.8361
000035350,1342.494,493.8022
000035367,1355.296,495.7585
000035383,1368.347,497.7796
000035400,1380.458,499.7298
000035417,1392.702,501.7557
000035433,1404.586,503.764
000035450,1416.097,505.7358
000035467,1427.836,507.755
000035483,1438.824,509.7431
000035500,1449.703,511.7287
000035517,1460.314,513.6752
000035533,1470.399,515.5378
000035550,1480.392,517.4528
000035567,1489.823,519.2881
000035583,1498.93,521.0822
000035600,1507.866,522.8734
000035617,1516.524,524.6374
000035633,1524.738,526.3454
000035650,1532.532,527.998
000035667,1539.936,529.6026
000035683,1547.2,531.2476
000035700,1553.63,532.7571
000035717,1559.56,534.187
000035733,1565.088,535.5597
000035750,1570.289,536.9048
000035767,1575.07,538.2474
000035783,1579.43,539.5516
000035800,1583.345,540.7993
000035817,1586.724,541.97
000035833,1589.781,543.1489
000035850,1592.421,544.2772
000035867,1594.624,545.3311
000035883,1596.451,546.384
000035900,1597.869,547.3881
000035917,1598.961,548.3608
000035933,1599.771,549.3241
000035950,1600.045,550.1973
000035967,1600.077,551.0497
000035983,1599.894,551.8901
000036000,1599.204,552.6747
000036017,1598.256,553.4338
000036033,1597.092,554.1643
000036050,1595.699,554.8442
000036067,1594.038,555.5141
000036083,1592.195,556.1667
000036100,1590.069,556.7817
000036117,1587.693,557.3713
000036133,1585.182,557.9416
000036150,1582.468,558.4993
000036167,1579.736,559.0705
000036183,1577.302,559.6337
000036200,1575.302,560.218
000036217,1573.671,561.6503
000036233,1572.944,562.9515
000036250,1572.41,564.1443
000036267,1571.703,565.5381
000036283,1570.698,567.4647
000036300,1569.693,569.4405
000036317,1568.628,571.7019
000036333,1567.547,574.0402
000036350,1566.471,576.3788
000036367,1565.463,578.689
000036383,1564.422,581.071
000036400,1563.396,583.5182
000036417,1562.446,585.9565
000036433,1561.744,588.1876
000036450,1562.157,589.3334
000036467,1562.633,590.1544
000036483,1563.135,590.8212
000036500,1563.553,591.3201
000036517,1563.8,591.5291
000036533,1563.976,591.5356
000036550,1564.017,591.5641
000036567,1564.04,591.6104
000036583,1564.05,591.6473
000036600,1564.058,591.6514
000036617,1564.069,591.7019
000036633,1564.076,591.7325
000036650,1564.083,591.7715
000036667,1564.072,591.8135
000036683,1564.031,591.835
000036700,1564.01,591.8331
000036717,1564.002,591.8326
000036733,1563.999,591.8325
000036750,1563.999,591.8325
000036767,1563.999,591.8325
000036783,1563.999,591.8325
000036800,1563.999,591.8325
000036817,1563.999,591.8325
000036833,1563.999,591.8325
000036850,1563.999,591.8325
000036867,1563.999,591.8325
000036883,1563.999,591.8325
000036900,1563.999,591.8325
000036917,1563.999,591.8325
000036933,1563.999,591.8325
000036950,1563.999,591.8325
000036967,1563.999,591.8325
000036983,1563.999,591.8325
000037000,1563.999,591.8325
000037017,1563.999,591.8325
000037033,1563.999,591.8325
000037050,1563.999,591.8325
000037067,1563.999,591.8325
000037083,1563.999,591.8325
000037100,1563.999,591.8325
000037117,1563.999,591.8325
000037133,1563.999,591.8325
000037150,1563.999,591.8325
000037167,1563.999,591.8325
000037183,1563.999,591.8325
000037200,1563.999,591.8325
000037217,1563.999,591.8325
000037233,1563.999,591.8325
000037250,1563.999,591.8325
000037267,1563.999,591.8325
000037283,1563.999,591.8325
000037300,1563.999,591.8325
000037317,1563.999,591.8325
000037333,1563.999,591.8325
000037350,1563.999,591.8325
000037367,1563.999,591.8325
000037383,1563.999,591.8325
000037400,1563.999,591.8325
000037417,1563.999,591.8325
000037433,1563.999,591.8325
000037450,1563.999,591.8325
000037467,1563.999,591.8325
000037483,1563.999,591.8325
000037500,1563.999,591.8325
000037517,1563.999,591.8325
000037533,1563.999,591.8325
000037550,1563.999,591.8325
000037567,1563.999,591.8325
000037583,1563.999,591.8325
000037600,1563.999,591.8325
000037617,1563.999,591.8325
000037633,1563.999,591.8325
000037650,1563.999,591.8325
000037667,1563.999,591.8325
000037683,1563.999,591.8325
000037700,1563.999,591.8325
000037717,1563.999,591.8325
000037733,1563.999,591.8325
000037750,1563.999,591.8325
000037767,1563.999,591.8325
000037783,1563.999,591.8325
000037800,1563.999,591.8325
000037817,1563.999,591.8325
000037833,1563.999,591.8325
000037850,1563.999,591.8325
000037867,1563.999,591.8325
000037883,1563.999,591.8325
000037900,1563.999,591.8325
000037917,1563.999,591.8325
000037933,1563.999,591.8325
000037950,1563.999,591.8325
000037967,1563.999,591.8325
000037983,1563.999,591.8325
